{
  "green": {
    "green": 1.756428028316508,
    "red": 0.767885864589128,
    "yellow": 0.7264656707562418,
    "blue": 0.8714159291570178
  },
  "red": {
    "green": -1.6262559624133708,
    "red": 1.7523128093134792,
    "yellow": -1.372493833478388,
    "blue": -0.8480679658985633
  },
  "yellow": {
    "green": 1.656722328798521,
    "red": -1.6100818006469062,
    "yellow": 1.6845322125359177,
    "blue": -1.241260640873481
  },
  "blue": {
    "green": -1.2553358284589553,
    "red": -0.9745367196845995,
    "yellow": -1.6310079217363214,
    "blue": 0.9900769766091031
  }
}
