{
  "green": {
    "green": 0.20932057595923914,
    "red": 0.8810181760900249,
    "yellow": 0.32912010643698086,
    "blue": -0.12457162562603963
  },
  "red": {
    "green": -0.15072500585746862,
    "red": 0.37364614573421884,
    "yellow": -0.8687259615650476,
    "blue": -0.6869614905344175
  },
  "yellow": {
    "green": -0.8060609621710308,
    "red": -0.39817627882942586,
    "yellow": 0.03042525700413079,
    "blue": 0.6272799219801937
  },
  "blue": {
    "green": -0.5714722548352502,
    "red": -0.238685621400628,
    "yellow": -0.3638836513393403,
    "blue": -0.062220310195153616
  }
}
